user_id,food_id,rating
1,1,0
1,2,0
1,3,0
1,4,4
1,5,0
1,6,5
1,7,0
1,8,0
1,9,0
1,10,0
1,11,0
1,12,0
1,13,5
1,14,0
1,15,0
1,16,0
1,17,0
1,18,0
1,19,0
1,20,5
2,1,0
2,2,0
2,3,0
2,4,2
2,5,5
2,6,4
2,7,0
2,8,0
2,9,0
2,10,0
2,11,0
2,12,5
2,13,0
2,14,0
2,15,0
2,16,0
2,17,0
2,18,0
2,19,0
2,20,5
3,1,5
3,2,0
3,3,0
3,4,5
3,5,4
3,6,5
3,7,0
3,8,0
3,9,0
3,10,5
3,11,0
3,12,5
3,13,4
3,14,0
3,15,0
3,16,0
3,17,0
3,18,5
3,19,0
3,20,0
4,1,0
4,2,5
4,3,0
4,4,4
4,5,0
4,6,4
4,7,0
4,8,0
4,9,0
4,10,0
4,11,0
4,12,0
4,13,5
4,14,0
4,15,0
4,16,0
4,17,5
4,18,0
4,19,0
4,20,4
5,1,5
5,2,4
5,3,0
5,4,0
5,5,0
5,6,0
5,7,4
5,8,0
5,9,4
5,10,5
5,11,0
5,12,5
5,13,5
5,14,0
5,15,0
5,16,0
5,17,0
5,18,4
5,19,4
5,20,4
6,1,5
6,2,4
6,3,4
6,4,0
6,5,0
6,6,0
6,7,0
6,8,5
6,9,4
6,10,0
6,11,5
6,12,0
6,13,5
6,14,0
6,15,0
6,16,5
6,17,0
6,18,0
6,19,0
6,20,0
7,1,0
7,2,0
7,3,0
7,4,0
7,5,0
7,6,0
7,7,0
7,8,0
7,9,0
7,10,0
7,11,0
7,12,0
7,13,0
7,14,0
7,15,0
7,16,0
7,17,0
7,18,0
7,19,0
7,20,0
8,1,0
8,2,0
8,3,0
8,4,3
8,5,2
8,6,0
8,7,0
8,8,0
8,9,4
8,10,0
8,11,0
8,12,5
8,13,0
8,14,0
8,15,0
8,16,0
8,17,0
8,18,0
8,19,0
8,20,0
9,1,4
9,2,5
9,3,5
9,4,4
9,5,3
9,6,4
9,7,3
9,8,5
9,9,5
9,10,5
9,11,4
9,12,5
9,13,5
9,14,4
9,15,3
9,16,3
9,17,3
9,18,3
9,19,3
9,20,3
10,1,3
10,2,3
10,3,3
10,4,4
10,5,5
10,6,3
10,7,3
10,8,3
10,9,3
10,10,5
10,11,3
10,12,4
10,13,5
10,14,3
10,15,5
10,16,3
10,17,3
10,18,3
10,19,4
10,20,5
11,1,4
11,2,4
11,3,4
11,4,4
11,5,4
11,6,3
11,7,5
11,8,4
11,9,4
11,10,4
11,11,4
11,12,4
11,13,5
11,14,4
11,15,4
11,16,4
11,17,4
11,18,4
11,19,4
11,20,4
12,1,4
12,2,3
12,3,4
12,4,0
12,5,0
12,6,4
12,7,4
12,8,0
12,9,0
12,10,0
12,11,0
12,12,3
12,13,5
12,14,0
12,15,0
12,16,4
12,17,0
12,18,0
12,19,0
12,20,4
13,1,4
13,2,0
13,3,4
13,4,0
13,5,4
13,6,0
13,7,0
13,8,0
13,9,5
13,10,0
13,11,0
13,12,5
13,13,5
13,14,0
13,15,0
13,16,0
13,17,0
13,18,4
13,19,0
13,20,4
14,1,0
14,2,4
14,3,4
14,4,3
14,5,0
14,6,4
14,7,0
14,8,0
14,9,4
14,10,4
14,11,0
14,12,4
14,13,5
14,14,0
14,15,4
14,16,4
14,17,0
14,18,0
14,19,0
14,20,0
15,1,5
15,2,4
15,3,4
15,4,4
15,5,4
15,6,4
15,7,4
15,8,4
15,9,4
15,10,4
15,11,4
15,12,4
15,13,5
15,14,4
15,15,4
15,16,4
15,17,4
15,18,4
15,19,4
15,20,4
16,1,0
16,2,4
16,3,0
16,4,4
16,5,4
16,6,5
16,7,0
16,8,0
16,9,0
16,10,0
16,11,0
16,12,4
16,13,5
16,14,0
16,15,0
16,16,0
16,17,0
16,18,4
16,19,0
16,20,5
17,1,0
17,2,0
17,3,0
17,4,0
17,5,0
17,6,0
17,7,0
17,8,0
17,9,5
17,10,0
17,11,0
17,12,0
17,13,0
17,14,0
17,15,0
17,16,0
17,17,0
17,18,0
17,19,0
17,20,0
18,1,0
18,2,5
18,3,0
18,4,3
18,5,4
18,6,5
18,7,5
18,8,0
18,9,0
18,10,5
18,11,0
18,12,5
18,13,5
18,14,0
18,15,0
18,16,0
18,17,0
18,18,0
18,19,0
18,20,0
19,1,3
19,2,3
19,3,4
19,4,4
19,5,4
19,6,5
19,7,5
19,8,4
19,9,5
19,10,3
19,11,4
19,12,4
19,13,5
19,14,5
19,15,4
19,16,3
19,17,5
19,18,4
19,19,4
19,20,4
20,1,4
20,2,5
20,3,5
20,4,3
20,5,0
20,6,5
20,7,4
20,8,4
20,9,5
20,10,4
20,11,5
20,12,5
20,13,5
20,14,3
20,15,4
20,16,5
20,17,4
20,18,5
20,19,5
20,20,5
21,1,0
21,2,0
21,3,0
21,4,0
21,5,5
21,6,5
21,7,5
21,8,0
21,9,5
21,10,0
21,11,0
21,12,5
21,13,5
21,14,0
21,15,5
21,16,0
21,17,0
21,18,0
21,19,0
21,20,0
22,1,0
22,2,0
22,3,5
22,4,4
22,5,5
22,6,4
22,7,0
22,8,0
22,9,0
22,10,5
22,11,5
22,12,0
22,13,5
22,14,5
22,15,5
22,16,0
22,17,5
22,18,5
22,19,4
22,20,5
23,1,5
23,2,3
23,3,5
23,4,0
23,5,2
23,6,3
23,7,0
23,8,0
23,9,4
23,10,0
23,11,0
23,12,5
23,13,5
23,14,3
23,15,0
23,16,4
23,17,0
23,18,4
23,19,0
23,20,0
24,1,3
24,2,3
24,3,3
24,4,3
24,5,3
24,6,3
24,7,3
24,8,3
24,9,3
24,10,3
24,11,3
24,12,3
24,13,3
24,14,3
24,15,3
24,16,3
24,17,3
24,18,4
24,19,3
24,20,3
25,1,0
25,2,0
25,3,0
25,4,0
25,5,0
25,6,0
25,7,0
25,8,0
25,9,0
25,10,0
25,11,0
25,12,0
25,13,5
25,14,0
25,15,0
25,16,5
25,17,0
25,18,0
25,19,0
25,20,5
26,1,4
26,2,0
26,3,0
26,4,4
26,5,0
26,6,0
26,7,0
26,8,0
26,9,0
26,10,4
26,11,0
26,12,4
26,13,0
26,14,0
26,15,0
26,16,5
26,17,0
26,18,4
26,19,0
26,20,0
27,1,0
27,2,0
27,3,0
27,4,0
27,5,0
27,6,0
27,7,0
27,8,0
27,9,0
27,10,0
27,11,0
27,12,0
27,13,0
27,14,0
27,15,0
27,16,0
27,17,0
27,18,0
27,19,0
27,20,0
28,1,5
28,2,4
28,3,4
28,4,5
28,5,4
28,6,5
28,7,5
28,8,5
28,9,5
28,10,4
28,11,4
28,12,5
28,13,4
28,14,5
28,15,5
28,16,4
28,17,5
28,18,5
28,19,5
28,20,4
29,1,4
29,2,5
29,3,4
29,4,4
29,5,0
29,6,4
29,7,0
29,8,0
29,9,5
29,10,0
29,11,4
29,12,5
29,13,5
29,14,4
29,15,0
29,16,0
29,17,4
29,18,0
29,19,0
29,20,5
30,1,4
30,2,4
30,3,0
30,4,4
30,5,0
30,6,0
30,7,0
30,8,0
30,9,5
30,10,0
30,11,0
30,12,0
30,13,5
30,14,5
30,15,5
30,16,0
30,17,5
30,18,4
30,19,0
30,20,4
31,1,0
31,2,0
31,3,0
31,4,4
31,5,5
31,6,0
31,7,0
31,8,5
31,9,4
31,10,0
31,11,3
31,12,4
31,13,5
31,14,0
31,15,0
31,16,4
31,17,0
31,18,4
31,19,0
31,20,5
32,1,4
32,2,1
32,3,2
32,4,4
32,5,5
32,6,4
32,7,3
32,8,5
32,9,5
32,10,5
32,11,3
32,12,5
32,13,4
32,14,4
32,15,5
32,16,5
32,17,3
32,18,3
32,19,5
32,20,5
33,1,0
33,2,0
33,3,0
33,4,0
33,5,0
33,6,0
33,7,0
33,8,0
33,9,0
33,10,0
33,11,0
33,12,0
33,13,0
33,14,0
33,15,0
33,16,0
33,17,0
33,18,0
33,19,0
33,20,0
34,1,0
34,2,0
34,3,0
34,4,5
34,5,0
34,6,4
34,7,0
34,8,0
34,9,5
34,10,5
34,11,0
34,12,0
34,13,4
34,14,0
34,15,0
34,16,0
34,17,0
34,18,0
34,19,5
34,20,0
35,1,0
35,2,0
35,3,0
35,4,4
35,5,0
35,6,4
35,7,0
35,8,0
35,9,0
35,10,0
35,11,5
35,12,5
35,13,4
35,14,0
35,15,0
35,16,0
35,17,0
35,18,4
35,19,0
35,20,0
36,1,3
36,2,4
36,3,4
36,4,4
36,5,4
36,6,5
36,7,5
36,8,3
36,9,4
36,10,5
36,11,4
36,12,4
36,13,5
36,14,4
36,15,4
36,16,3
36,17,4
36,18,4
36,19,3
36,20,5
37,1,5
37,2,4
37,3,4
37,4,5
37,5,5
37,6,5
37,7,4
37,8,5
37,9,4
37,10,5
37,11,5
37,12,4
37,13,5
37,14,4
37,15,5
37,16,5
37,17,5
37,18,5
37,19,3
37,20,4
38,1,4
38,2,5
38,3,4
38,4,4
38,5,5
38,6,5
38,7,4
38,8,4
38,9,5
38,10,5
38,11,4
38,12,4
38,13,4
38,14,5
38,15,5
38,16,3
38,17,5
38,18,4
38,19,4
38,20,5
39,1,4
39,2,4
39,3,4
39,4,5
39,5,4
39,6,4
39,7,4
39,8,4
39,9,5
39,10,4
39,11,4
39,12,4
39,13,4
39,14,4
39,15,4
39,16,4
39,17,4
39,18,4
39,19,5
39,20,4
40,1,3
40,2,2
40,3,3
40,4,3
40,5,3
40,6,5
40,7,5
40,8,4
40,9,4
40,10,5
40,11,3
40,12,5
40,13,5
40,14,4
40,15,5
40,16,1
40,17,4
40,18,5
40,19,3
40,20,5
41,1,4
41,2,4
41,3,4
41,4,3
41,5,3
41,6,5
41,7,3
41,8,3
41,9,5
41,10,5
41,11,5
41,12,5
41,13,5
41,14,5
41,15,5
41,16,5
41,17,3
41,18,3
41,19,3
41,20,3
42,1,4
42,2,4
42,3,5
42,4,4
42,5,4
42,6,3
42,7,3
42,8,3
42,9,4
42,10,3
42,11,3
42,12,5
42,13,3
42,14,3
42,15,3
42,16,3
42,17,4
42,18,3
42,19,3
42,20,5
43,1,0
43,2,0
43,3,3
43,4,3
43,5,3
43,6,4
43,7,3
43,8,3
43,9,0
43,10,0
43,11,3
43,12,4
43,13,4
43,14,0
43,15,0
43,16,0
43,17,0
43,18,0
43,19,0
43,20,3
44,1,4
44,2,0
44,3,0
44,4,4
44,5,0
44,6,4
44,7,0
44,8,4
44,9,0
44,10,0
44,11,4
44,12,0
44,13,4
44,14,0
44,15,0
44,16,0
44,17,0
44,18,0
44,19,0
44,20,4
45,1,4
45,2,4
45,3,5
45,4,4
45,5,4
45,6,4
45,7,3
45,8,4
45,9,5
45,10,5
45,11,4
45,12,4
45,13,5
45,14,4
45,15,4
45,16,4
45,17,4
45,18,4
45,19,4
45,20,4
46,1,4
46,2,3
46,3,5
46,4,4
46,5,4
46,6,5
46,7,4
46,8,4
46,9,4
46,10,5
46,11,4
46,12,5
46,13,5
46,14,5
46,15,4
46,16,4
46,17,5
46,18,4
46,19,4
46,20,5
47,1,3
47,2,4
47,3,5
47,4,5
47,5,2
47,6,3
47,7,3
47,8,4
47,9,4
47,10,5
47,11,5
47,12,5
47,13,5
47,14,5
47,15,5
47,16,5
47,17,5
47,18,4
47,19,3
47,20,5
48,1,3
48,2,3
48,3,5
48,4,4
48,5,5
48,6,3
48,7,4
48,8,4
48,9,3
48,10,4
48,11,4
48,12,4
48,13,5
48,14,3
48,15,4
48,16,1
48,17,3
48,18,3
48,19,2
48,20,3
49,1,4
49,2,5
49,3,3
49,4,4
49,5,3
49,6,4
49,7,4
49,8,3
49,9,5
49,10,4
49,11,4
49,12,4
49,13,4
49,14,4
49,15,4
49,16,5
49,17,3
49,18,3
49,19,3
49,20,3
50,1,0
50,2,0
50,3,0
50,4,0
50,5,0
50,6,0
50,7,0
50,8,0
50,9,0
50,10,0
50,11,0
50,12,0
50,13,0
50,14,0
50,15,0
50,16,0
50,17,0
50,18,0
50,19,0
50,20,0
51,1,3
51,2,3
51,3,3
51,4,3
51,5,3
51,6,5
51,7,4
51,8,3
51,9,4
51,10,3
51,11,3
51,12,5
51,13,5
51,14,3
51,15,4
51,16,4
51,17,3
51,18,3
51,19,3
51,20,5
52,1,0
52,2,0
52,3,0
52,4,0
52,5,0
52,6,4
52,7,0
52,8,0
52,9,0
52,10,0
52,11,0
52,12,0
52,13,5
52,14,0
52,15,0
52,16,0
52,17,0
52,18,0
52,19,0
52,20,0
53,1,5
53,2,5
53,3,5
53,4,5
53,5,5
53,6,5
53,7,5
53,8,5
53,9,5
53,10,5
53,11,5
53,12,5
53,13,5
53,14,5
53,15,5
53,16,5
53,17,5
53,18,5
53,19,5
53,20,5
54,1,4
54,2,1
54,3,0
54,4,0
54,5,0
54,6,5
54,7,0
54,8,0
54,9,0
54,10,0
54,11,0
54,12,0
54,13,5
54,14,1
54,15,0
54,16,0
54,17,1
54,18,3
54,19,0
54,20,0
55,1,4
55,2,5
55,3,5
55,4,4
55,5,4
55,6,5
55,7,3
55,8,3
55,9,5
55,10,5
55,11,3
55,12,5
55,13,5
55,14,2
55,15,5
55,16,5
55,17,2
55,18,3
55,19,5
55,20,4
56,1,0
56,2,0
56,3,0
56,4,0
56,5,0
56,6,0
56,7,0
56,8,0
56,9,0
56,10,0
56,11,0
56,12,0
56,13,5
56,14,0
56,15,0
56,16,5
56,17,0
56,18,0
56,19,0
56,20,0
57,1,4
57,2,5
57,3,3
57,4,4
57,5,4
57,6,5
57,7,4
57,8,4
57,9,5
57,10,5
57,11,4
57,12,5
57,13,0
57,14,4
57,15,5
57,16,3
57,17,4
57,18,5
57,19,5
57,20,5
58,1,0
58,2,5
58,3,0
58,4,0
58,5,0
58,6,0
58,7,0
58,8,0
58,9,0
58,10,5
58,11,0
58,12,5
58,13,5
58,14,0
58,15,0
58,16,0
58,17,4
58,18,0
58,19,0
58,20,5
59,1,0
59,2,0
59,3,0
59,4,0
59,5,0
59,6,0
59,7,0
59,8,0
59,9,0
59,10,0
59,11,0
59,12,4
59,13,0
59,14,0
59,15,0
59,16,0
59,17,0
59,18,0
59,19,0
59,20,0
60,1,4
60,2,5
60,3,3
60,4,3
60,5,4
60,6,4
60,7,3
60,8,3
60,9,4
60,10,5
60,11,3
60,12,5
60,13,4
60,14,3
60,15,4
60,16,4
60,17,3
60,18,4
60,19,4
60,20,4
61,1,5
61,2,5
61,3,0
61,4,0
61,5,0
61,6,0
61,7,4
61,8,0
61,9,4
61,10,0
61,11,0
61,12,5
61,13,0
61,14,0
61,15,0
61,16,0
61,17,0
61,18,4
61,19,0
61,20,5
62,1,3
62,2,4
62,3,3
62,4,4
62,5,5
62,6,0
62,7,4
62,8,0
62,9,5
62,10,5
62,11,5
62,12,5
62,13,0
62,14,0
62,15,0
62,16,0
62,17,0
62,18,4
62,19,0
62,20,4
63,1,0
63,2,4
63,3,5
63,4,4
63,5,0
63,6,4
63,7,0
63,8,4
63,9,0
63,10,0
63,11,0
63,12,0
63,13,5
63,14,0
63,15,0
63,16,0
63,17,0
63,18,5
63,19,4
63,20,5
64,1,0
64,2,0
64,3,0
64,4,0
64,5,0
64,6,0
64,7,0
64,8,0
64,9,0
64,10,0
64,11,0
64,12,0
64,13,0
64,14,0
64,15,0
64,16,0
64,17,0
64,18,0
64,19,0
64,20,0
65,1,0
65,2,0
65,3,0
65,4,0
65,5,0
65,6,0
65,7,0
65,8,0
65,9,0
65,10,0
65,11,0
65,12,0
65,13,0
65,14,0
65,15,0
65,16,0
65,17,0
65,18,0
65,19,0
65,20,0
66,1,0
66,2,0
66,3,0
66,4,0
66,5,0
66,6,0
66,7,0
66,8,0
66,9,0
66,10,0
66,11,0
66,12,0
66,13,0
66,14,0
66,15,0
66,16,0
66,17,0
66,18,0
66,19,0
66,20,0
67,1,3
67,2,3
67,3,3
67,4,3
67,5,3
67,6,3
67,7,3
67,8,3
67,9,3
67,10,3
67,11,3
67,12,3
67,13,3
67,14,3
67,15,3
67,16,3
67,17,3
67,18,3
67,19,3
67,20,3
68,1,0
68,2,0
68,3,0
68,4,0
68,5,0
68,6,0
68,7,0
68,8,0
68,9,0
68,10,0
68,11,0
68,12,0
68,13,0
68,14,0
68,15,0
68,16,0
68,17,0
68,18,0
68,19,0
68,20,5
69,1,4
69,2,3
69,3,3
69,4,5
69,5,5
69,6,5
69,7,4
69,8,3
69,9,4
69,10,4
69,11,4
69,12,5
69,13,5
69,14,4
69,15,5
69,16,5
69,17,5
69,18,5
69,19,5
69,20,5
70,1,3
70,2,5
70,3,5
70,4,4
70,5,3
70,6,5
70,7,4
70,8,5
70,9,4
70,10,4
70,11,3
70,12,4
70,13,5
70,14,5
70,15,5
70,16,4
70,17,3
70,18,3
70,19,4
70,20,4
71,1,5
71,2,4
71,3,4
71,4,3
71,5,3
71,6,4
71,7,4
71,8,3
71,9,3
71,10,3
71,11,4
71,12,4
71,13,5
71,14,4
71,15,4
71,16,4
71,17,4
71,18,3
71,19,4
71,20,5
72,1,0
72,2,5
72,3,4
72,4,0
72,5,0
72,6,4
72,7,4
72,8,0
72,9,0
72,10,0
72,11,0
72,12,4
72,13,3
72,14,0
72,15,0
72,16,0
72,17,4
72,18,0
72,19,0
72,20,5
73,1,5
73,2,4
73,3,5
73,4,5
73,5,5
73,6,3
73,7,5
73,8,5
73,9,4
73,10,5
73,11,5
73,12,4
73,13,5
73,14,3
73,15,5
73,16,4
73,17,5
73,18,5
73,19,4
73,20,5
74,1,4
74,2,5
74,3,3
74,4,4
74,5,3
74,6,4
74,7,3
74,8,4
74,9,5
74,10,5
74,11,4
74,12,4
74,13,5
74,14,3
74,15,5
74,16,4
74,17,5
74,18,5
74,19,5
74,20,5
75,1,0
75,2,0
75,3,0
75,4,0
75,5,0
75,6,5
75,7,0
75,8,0
75,9,0
75,10,5
75,11,0
75,12,5
75,13,5
75,14,5
75,15,5
75,16,5
75,17,5
75,18,2
75,19,0
75,20,0
76,1,4
76,2,4
76,3,4
76,4,4
76,5,4
76,6,4
76,7,4
76,8,4
76,9,4
76,10,0
76,11,0
76,12,0
76,13,4
76,14,4
76,15,4
76,16,4
76,17,4
76,18,4
76,19,0
76,20,4
77,1,4
77,2,4
77,3,4
77,4,4
77,5,4
77,6,4
77,7,4
77,8,4
77,9,4
77,10,0
77,11,0
77,12,0
77,13,4
77,14,4
77,15,4
77,16,4
77,17,4
77,18,4
77,19,0
77,20,4
78,1,0
78,2,4
78,3,0
78,4,4
78,5,5
78,6,4
78,7,0
78,8,4
78,9,5
78,10,3
78,11,3
78,12,5
78,13,3
78,14,0
78,15,3
78,16,4
78,17,0
78,18,3
78,19,3
78,20,3
79,1,0
79,2,5
79,3,5
79,4,5
79,5,5
79,6,0
79,7,5
79,8,5
79,9,5
79,10,0
79,11,5
79,12,5
79,13,5
79,14,0
79,15,0
79,16,0
79,17,0
79,18,5
79,19,0
79,20,0
80,1,5
80,2,0
80,3,5
80,4,5
80,5,0
80,6,5
80,7,4
80,8,0
80,9,0
80,10,0
80,11,0
80,12,0
80,13,4
80,14,4
80,15,0
80,16,0
80,17,0
80,18,0
80,19,4
80,20,0
81,1,4
81,2,4
81,3,0
81,4,0
81,5,4
81,6,5
81,7,0
81,8,0
81,9,4
81,10,5
81,11,4
81,12,0
81,13,0
81,14,0
81,15,0
81,16,0
81,17,5
81,18,5
81,19,0
81,20,0
82,1,4
82,2,5
82,3,0
82,4,5
82,5,0
82,6,5
82,7,0
82,8,4
82,9,5
82,10,4
82,11,0
82,12,5
82,13,5
82,14,0
82,15,4
82,16,5
82,17,4
82,18,4
82,19,5
82,20,4
83,1,3
83,2,4
83,3,3
83,4,5
83,5,4
83,6,4
83,7,3
83,8,5
83,9,3
83,10,5
83,11,5
83,12,5
83,13,3
83,14,4
83,15,5
83,16,5
83,17,4
83,18,3
83,19,4
83,20,5
84,1,5
84,2,3
84,3,4
84,4,4
84,5,3
84,6,4
84,7,4
84,8,3
84,9,4
84,10,4
84,11,5
84,12,5
84,13,4
84,14,3
84,15,4
84,16,4
84,17,4
84,18,4
84,19,4
84,20,4
85,1,4
85,2,5
85,3,3
85,4,4
85,5,4
85,6,4
85,7,5
85,8,4
85,9,4
85,10,4
85,11,5
85,12,5
85,13,4
85,14,4
85,15,3
85,16,4
85,17,3
85,18,4
85,19,3
85,20,3
86,1,3
86,2,5
86,3,4
86,4,0
86,5,5
86,6,4
86,7,3
86,8,0
86,9,5
86,10,4
86,11,4
86,12,4
86,13,5
86,14,4
86,15,0
86,16,5
86,17,4
86,18,4
86,19,3
86,20,4
87,1,4
87,2,4
87,3,3
87,4,0
87,5,5
87,6,5
87,7,4
87,8,0
87,9,0
87,10,0
87,11,0
87,12,5
87,13,4
87,14,5
87,15,4
87,16,5
87,17,4
87,18,4
87,19,3
87,20,4
88,1,4
88,2,4
88,3,4
88,4,4
88,5,3
88,6,5
88,7,3
88,8,4
88,9,4
88,10,0
88,11,4
88,12,5
88,13,5
88,14,4
88,15,4
88,16,4
88,17,0
88,18,4
88,19,0
88,20,4
89,1,4
89,2,5
89,3,4
89,4,0
89,5,4
89,6,4
89,7,0
89,8,4
89,9,5
89,10,4
89,11,0
89,12,5
89,13,5
89,14,0
89,15,4
89,16,3
89,17,4
89,18,4
89,19,0
89,20,4
90,1,4
90,2,4
90,3,3
90,4,4
90,5,0
90,6,4
90,7,4
90,8,0
90,9,5
90,10,0
90,11,4
90,12,5
90,13,4
90,14,0
90,15,4
90,16,5
90,17,4
90,18,4
90,19,0
90,20,5
91,1,0
91,2,5
91,3,4
91,4,4
91,5,5
91,6,3
91,7,5
91,8,5
91,9,0
91,10,5
91,11,0
91,12,5
91,13,0
91,14,3
91,15,0
91,16,5
91,17,0
91,18,4
91,19,0
91,20,0
92,1,3
92,2,4
92,3,2
92,4,3
92,5,4
92,6,3
92,7,3
92,8,3
92,9,3
92,10,4
92,11,3
92,12,4
92,13,4
92,14,3
92,15,4
92,16,4
92,17,3
92,18,3
92,19,3
92,20,3
93,1,0
93,2,0
93,3,5
93,4,0
93,5,0
93,6,0
93,7,0
93,8,0
93,9,5
93,10,5
93,11,4
93,12,4
93,13,0
93,14,0
93,15,5
93,16,0
93,17,4
93,18,0
93,19,4
93,20,0
94,1,4
94,2,5
94,3,3
94,4,4
94,5,3
94,6,5
94,7,3
94,8,3
94,9,4
94,10,5
94,11,5
94,12,4
94,13,5
94,14,3
94,15,5
94,16,4
94,17,3
94,18,4
94,19,3
94,20,4
95,1,0
95,2,0
95,3,0
95,4,0
95,5,0
95,6,0
95,7,0
95,8,0
95,9,0
95,10,0
95,11,0
95,12,0
95,13,0
95,14,0
95,15,0
95,16,0
95,17,0
95,18,0
95,19,0
95,20,0
96,1,3
96,2,4
96,3,4
96,4,3
96,5,3
96,6,3
96,7,2
96,8,3
96,9,4
96,10,3
96,11,2
96,12,2
96,13,5
96,14,3
96,15,3
96,16,2
96,17,3
96,18,3
96,19,2
96,20,3
97,1,4
97,2,3
97,3,4
97,4,4
97,5,4
97,6,5
97,7,5
97,8,2
97,9,3
97,10,3
97,11,4
97,12,4
97,13,5
97,14,4
97,15,4
97,16,5
97,17,4
97,18,4
97,19,3
97,20,5
98,1,0
98,2,5
98,3,0
98,4,0
98,5,0
98,6,5
98,7,0
98,8,0
98,9,0
98,10,5
98,11,0
98,12,5
98,13,2
98,14,0
98,15,0
98,16,0
98,17,0
98,18,0
98,19,5
98,20,0
99,1,3
99,2,2
99,3,5
99,4,5
99,5,3
99,6,5
99,7,4
99,8,5
99,9,5
99,10,1
99,11,2
99,12,2
99,13,5
99,14,3
99,15,1
99,16,5
99,17,5
99,18,4
99,19,3
99,20,5
100,1,4
100,2,2
100,3,1
100,4,1
100,5,2
100,6,4
100,7,4
100,8,4
100,9,4
100,10,2
100,11,3
100,12,1
100,13,5
100,14,3
100,15,1
100,16,5
100,17,5
100,18,5
100,19,3
100,20,5
101,1,1
101,2,2
101,3,3
101,4,1
101,5,2
101,6,2
101,7,1
101,8,2
101,9,5
101,10,2
101,11,1
101,12,2
101,13,5
101,14,1
101,15,1
101,16,3
101,17,5
101,18,2
101,19,3
101,20,3
102,1,1
102,2,2
102,3,4
102,4,5
102,5,5
102,6,5
102,7,0
102,8,4
102,9,5
102,10,3
102,11,2
102,12,1
102,13,3
102,14,2
102,15,1
102,16,1
102,17,5
102,18,0
102,19,5
102,20,4
103,1,5
103,2,1
103,3,1
103,4,0
103,5,3
103,6,4
103,7,4
103,8,1
103,9,5
103,10,2
103,11,5
103,12,3
103,13,5
103,14,4
103,15,1
103,16,5
103,17,4
103,18,3
103,19,4
103,20,1
104,1,1
104,2,5
104,3,1
104,4,1
104,5,1
104,6,2
104,7,2
104,8,5
104,9,5
104,10,1
104,11,1
104,12,1
104,13,2
104,14,3
104,15,1
104,16,1
104,17,3
104,18,5
104,19,1
104,20,2
105,1,5
105,2,3
105,3,5
105,4,5
105,5,2
105,6,2
105,7,1
105,8,4
105,9,1
105,10,2
105,11,3
105,12,4
105,13,1
105,14,1
105,15,2
105,16,1
105,17,3
105,18,1
105,19,1
105,20,3
106,1,4
106,2,3
106,3,4
106,4,5
106,5,4
106,6,4
106,7,3
106,8,5
106,9,5
106,10,3
106,11,5
106,12,3
106,13,5
106,14,5
106,15,2
106,16,1
106,17,5
106,18,4
106,19,3
106,20,1
107,1,4
107,2,1
107,3,1
107,4,2
107,5,1
107,6,1
107,7,1
107,8,3
107,9,1
107,10,4
107,11,4
107,12,1
107,13,1
107,14,2
107,15,2
107,16,5
107,17,1
107,18,5
107,19,4
107,20,5
108,1,3
108,2,5
108,3,4
108,4,5
108,5,1
108,6,5
108,7,1
108,8,2
108,9,1
108,10,4
108,11,5
108,12,5
108,13,3
108,14,4
108,15,1
108,16,5
108,17,1
108,18,3
108,19,2
108,20,1
109,1,3
109,2,1
109,3,4
109,4,5
109,5,3
109,6,5
109,7,1
109,8,1
109,9,5
109,10,5
109,11,0
109,12,2
109,13,0
109,14,1
109,15,5
109,16,0
109,17,0
109,18,0
109,19,5
109,20,0
110,1,2
110,2,2
110,3,1
110,4,5
110,5,0
110,6,5
110,7,0
110,8,1
110,9,5
110,10,5
110,11,0
110,12,0
110,13,1
110,14,0
110,15,0
110,16,0
110,17,0
110,18,0
110,19,4
110,20,5
111,1,1
111,2,1
111,3,1
111,4,4
111,5,1
111,6,5
111,7,2
111,8,5
111,9,5
111,10,1
111,11,5
111,12,2
111,13,4
111,14,1
111,15,2
111,16,1
111,17,2
111,18,1
111,19,2
111,20,2
112,1,4
112,2,4
112,3,3
112,4,3
112,5,2
112,6,1
112,7,1
112,8,2
112,9,2
112,10,1
112,11,3
112,12,2
112,13,2
112,14,2
112,15,2
112,16,1
112,17,5
112,18,5
112,19,2
112,20,5
113,1,3
113,2,4
113,3,2
113,4,5
113,5,2
113,6,1
113,7,1
113,8,3
113,9,5
113,10,1
113,11,5
113,12,2
113,13,1
113,14,1
113,15,1
113,16,1
113,17,4
113,18,4
113,19,1
113,20,4
114,1,2
114,2,5
114,3,1
114,4,3
114,5,1
114,6,5
114,7,4
114,8,4
114,9,1
114,10,1
114,11,2
114,12,1
114,13,5
114,14,3
114,15,2
114,16,1
114,17,5
114,18,3
114,19,5
114,20,5
115,1,5
115,2,5
115,3,3
115,4,4
115,5,2
115,6,0
115,7,1
115,8,2
115,9,1
115,10,1
115,11,4
115,12,1
115,13,4
115,14,2
115,15,4
115,16,5
115,17,3
115,18,1
115,19,1
115,20,5
116,1,4
116,2,1
116,3,2
116,4,5
116,5,1
116,6,4
116,7,1
116,8,5
116,9,5
116,10,2
116,11,1
116,12,1
116,13,4
116,14,1
116,15,2
116,16,1
116,17,3
116,18,1
116,19,3
116,20,4
117,1,1
117,2,2
117,3,2
117,4,1
117,5,5
117,6,2
117,7,4
117,8,5
117,9,4
117,10,3
117,11,5
117,12,1
117,13,2
117,14,1
117,15,4
117,16,1
117,17,4
117,18,1
117,19,3
117,20,5
118,1,5
118,2,5
118,3,1
118,4,3
118,5,1
118,6,5
118,7,1
118,8,2
118,9,5
118,10,1
118,11,2
118,12,1
118,13,5
118,14,1
118,15,5
118,16,1
118,17,4
118,18,4
118,19,5
118,20,4
119,1,1
119,2,1
119,3,5
119,4,2
119,5,3
119,6,1
119,7,4
119,8,5
119,9,4
119,10,3
119,11,5
119,12,1
119,13,3
119,14,2
119,15,5
119,16,2
119,17,3
119,18,1
119,19,3
119,20,3
120,1,5
120,2,3
120,3,5
120,4,1
120,5,1
120,6,3
120,7,5
120,8,4
120,9,5
120,10,4
120,11,2
120,12,1
120,13,1
120,14,4
120,15,1
120,16,5
120,17,4
120,18,3
120,19,1
120,20,4
121,1,5
121,2,4
121,3,2
121,4,1
121,5,3
121,6,5
121,7,1
121,8,3
121,9,5
121,10,2
121,11,3
121,12,5
121,13,5
121,14,4
121,15,5
121,16,4
121,17,4
121,18,4
121,19,5
121,20,1
122,1,2
122,2,4
122,3,3
122,4,1
122,5,5
122,6,1
122,7,2
122,8,2
122,9,2
122,10,5
122,11,4
122,12,5
122,13,5
122,14,5
122,15,1
122,16,5
122,17,1
122,18,5
122,19,3
122,20,4
123,1,5
123,2,3
123,3,3
123,4,5
123,5,1
123,6,1
123,7,3
123,8,1
123,9,5
123,10,5
123,11,3
123,12,2
123,13,5
123,14,3
123,15,4
123,16,2
123,17,4
123,18,2
123,19,1
123,20,5
124,1,1
124,2,3
124,3,5
124,4,5
124,5,5
124,6,3
124,7,3
124,8,0
124,9,0
124,10,5
124,11,1
124,12,3
124,13,3
124,14,1
124,15,5
124,16,1
124,17,0
124,18,4
124,19,5
124,20,2
125,1,0
125,2,0
125,3,0
125,4,2
125,5,0
125,6,0
125,7,0
125,8,0
125,9,0
125,10,3
125,11,0
125,12,0
125,13,4
125,14,0
125,15,0
125,16,0
125,17,0
125,18,0
125,19,0
125,20,5
126,1,1
126,2,1
126,3,1
126,4,5
126,5,4
126,6,1
126,7,5
126,8,3
126,9,1
126,10,1
126,11,5
126,12,4
126,13,1
126,14,5
126,15,4
126,16,1
126,17,5
126,18,3
126,19,4
126,20,1
127,1,0
127,2,0
127,3,0
127,4,5
127,5,0
127,6,0
127,7,0
127,8,0
127,9,0
127,10,3
127,11,1
127,12,0
127,13,0
127,14,0
127,15,4
127,16,0
127,17,0
127,18,5
127,19,5
127,20,0
128,1,5
128,2,4
128,3,5
128,4,2
128,5,3
128,6,1
128,7,1
128,8,3
128,9,5
128,10,1
128,11,1
128,12,2
128,13,5
128,14,3
128,15,5
128,16,5
128,17,4
128,18,5
128,19,1
128,20,5
129,1,4
129,2,5
129,3,2
129,4,5
129,5,1
129,6,4
129,7,2
129,8,2
129,9,4
129,10,5
129,11,4
129,12,1
129,13,1
129,14,2
129,15,1
129,16,4
129,17,3
129,18,1
129,19,1
129,20,4
130,1,3
130,2,3
130,3,5
130,4,2
130,5,2
130,6,3
130,7,3
130,8,4
130,9,5
130,10,3
130,11,2
130,12,4
130,13,3
130,14,3
130,15,4
130,16,4
130,17,3
130,18,4
130,19,3
130,20,3
131,1,5
131,2,1
131,3,5
131,4,1
131,5,1
131,6,3
131,7,1
131,8,2
131,9,4
131,10,1
131,11,4
131,12,4
131,13,5
131,14,3
131,15,4
131,16,1
131,17,5
131,18,2
131,19,2
131,20,5
132,1,0
132,2,2
132,3,5
132,4,0
132,5,0
132,6,0
132,7,0
132,8,0
132,9,0
132,10,5
132,11,0
132,12,0
132,13,0
132,14,0
132,15,5
132,16,1
132,17,0
132,18,0
132,19,5
132,20,0
133,1,2
133,2,2
133,3,5
133,4,1
133,5,4
133,6,2
133,7,4
133,8,1
133,9,4
133,10,1
133,11,5
133,12,4
133,13,5
133,14,3
133,15,2
133,16,5
133,17,4
133,18,4
133,19,3
133,20,4
134,1,2
134,2,5
134,3,2
134,4,1
134,5,1
134,6,4
134,7,1
134,8,1
134,9,4
134,10,5
134,11,5
134,12,5
134,13,2
134,14,3
134,15,3
134,16,2
134,17,1
134,18,1
134,19,1
134,20,2
135,1,5
135,2,1
135,3,5
135,4,3
135,5,4
135,6,1
135,7,4
135,8,3
135,9,4
135,10,1
135,11,1
135,12,5
135,13,4
135,14,1
135,15,1
135,16,3
135,17,2
135,18,5
135,19,1
135,20,3
136,1,5
136,2,1
136,3,0
136,4,5
136,5,5
136,6,4
136,7,4
136,8,1
136,9,0
136,10,0
136,11,0
136,12,0
136,13,0
136,14,4
136,15,0
136,16,0
136,17,4
136,18,0
136,19,5
136,20,0
137,1,3
137,2,5
137,3,1
137,4,3
137,5,3
137,6,5
137,7,2
137,8,1
137,9,5
137,10,2
137,11,1
137,12,1
137,13,4
137,14,3
137,15,1
137,16,2
137,17,1
137,18,3
137,19,1
137,20,5
138,1,5
138,2,5
138,3,1
138,4,1
138,5,5
138,6,1
138,7,4
138,8,2
138,9,1
138,10,4
138,11,1
138,12,3
138,13,1
138,14,2
138,15,2
138,16,5
138,17,5
138,18,4
138,19,1
138,20,5
139,1,5
139,2,5
139,3,5
139,4,3
139,5,1
139,6,2
139,7,5
139,8,4
139,9,1
139,10,4
139,11,5
139,12,3
139,13,1
139,14,5
139,15,4
139,16,3
139,17,2
139,18,2
139,19,4
139,20,2
140,1,3
140,2,2
140,3,4
140,4,5
140,5,3
140,6,5
140,7,2
140,8,4
140,9,5
140,10,4
140,11,3
140,12,1
140,13,5
140,14,1
140,15,1
140,16,5
140,17,2
140,18,4
140,19,1
140,20,3
141,1,4
141,2,4
141,3,1
141,4,1
141,5,1
141,6,4
141,7,3
141,8,1
141,9,5
141,10,1
141,11,2
141,12,1
141,13,4
141,14,4
141,15,3
141,16,2
141,17,5
141,18,4
141,19,5
141,20,5
142,1,1
142,2,3
142,3,5
142,4,5
142,5,2
142,6,4
142,7,1
142,8,4
142,9,1
142,10,2
142,11,1
142,12,3
142,13,1
142,14,1
142,15,1
142,16,2
142,17,5
142,18,2
142,19,2
142,20,4
143,1,5
143,2,1
143,3,2
143,4,1
143,5,2
143,6,2
143,7,4
143,8,4
143,9,5
143,10,3
143,11,4
143,12,4
143,13,4
143,14,2
143,15,4
143,16,5
143,17,5
143,18,4
143,19,1
143,20,5
144,1,3
144,2,4
144,3,5
144,4,2
144,5,1
144,6,2
144,7,1
144,8,3
144,9,4
144,10,2
144,11,5
144,12,1
144,13,5
144,14,1
144,15,2
144,16,3
144,17,4
144,18,4
144,19,2
144,20,4
145,1,1
145,2,1
145,3,4
145,4,4
145,5,4
145,6,5
145,7,2
145,8,1
145,9,2
145,10,1
145,11,1
145,12,3
145,13,5
145,14,3
145,15,2
145,16,1
145,17,3
145,18,5
145,19,2
145,20,2
146,1,2
146,2,4
146,3,2
146,4,2
146,5,2
146,6,1
146,7,5
146,8,1
146,9,4
146,10,1
146,11,5
146,12,2
146,13,4
146,14,5
146,15,1
146,16,2
146,17,2
146,18,1
146,19,3
146,20,2
147,1,5
147,2,4
147,3,2
147,4,2
147,5,1
147,6,5
147,7,2
147,8,1
147,9,5
147,10,3
147,11,1
147,12,2
147,13,1
147,14,2
147,15,1
147,16,2
147,17,3
147,18,4
147,19,1
147,20,3
148,1,1
148,2,2
148,3,2
148,4,1
148,5,2
148,6,1
148,7,4
148,8,1
148,9,3
148,10,3
148,11,4
148,12,5
148,13,5
148,14,3
148,15,1
148,16,5
148,17,5
148,18,5
148,19,1
148,20,1
149,1,4
149,2,2
149,3,2
149,4,5
149,5,2
149,6,4
149,7,5
149,8,4
149,9,4
149,10,1
149,11,5
149,12,2
149,13,4
149,14,2
149,15,1
149,16,1
149,17,2
149,18,3
149,19,1
149,20,3
150,1,1
150,2,2
150,3,4
150,4,1
150,5,1
150,6,5
150,7,2
150,8,5
150,9,1
150,10,2
150,11,5
150,12,1
150,13,5
150,14,4
150,15,1
150,16,2
150,17,1
150,18,3
150,19,2
150,20,3
151,1,3
151,2,4
151,3,3
151,4,3
151,5,3
151,6,1
151,7,1
151,8,5
151,9,5
151,10,2
151,11,4
151,12,2
151,13,5
151,14,2
151,15,1
151,16,2
151,17,3
151,18,3
151,19,1
151,20,3
152,1,4
152,2,1
152,3,4
152,4,4
152,5,3
152,6,3
152,7,2
152,8,4
152,9,5
152,10,2
152,11,4
152,12,1
152,13,5
152,14,2
152,15,2
152,16,3
152,17,2
152,18,5
152,19,2
152,20,3
153,1,4
153,2,4
153,3,3
153,4,3
153,5,3
153,6,4
153,7,3
153,8,3
153,9,3
153,10,3
153,11,3
153,12,3
153,13,4
153,14,3
153,15,4
153,16,3
153,17,3
153,18,3
153,19,4
153,20,3